<?xml version="1.0" encoding="utf-8"?>
<odoo>


    <record id="jo_zero_sale_0" model="account.tax.template">
        <field name="name">Zero Rated 0%</field>
        <field name="type_tax_use">sale</field>
        <field name="amount">0</field>
        <field name="amount_type">percent</field>
        <field name="description">Zero Rated 0%</field>
        <field name="chart_template_id" ref="jordan_chart_template_standard"/>
        <field name="invoice_repartition_line_ids" eval="[Command.clear(),
            Command.create({
                'factor_percent': 100,
                'repartition_type': 'base',
                'plus_report_line_ids': [ref('tax_report_vat_return_sale_base_zero')],
            }),
            Command.create({
                'factor_percent': 100,
                'repartition_type': 'tax',
                'account_id': False,
                'plus_report_line_ids': [ref('tax_report_vat_return_sale_tax_zero')],
            }),
        ]"/>
        <field name="refund_repartition_line_ids" eval="[Command.clear(),
            Command.create({
                'factor_percent': 100,
                'repartition_type': 'base',
                'minus_report_line_ids': [ref('tax_report_vat_return_sale_base_zero')],
            }),
            Command.create({
                'factor_percent': 100,
                'repartition_type': 'tax',
                'account_id': False,
                'minus_report_line_ids': [ref('tax_report_vat_return_sale_tax_zero')],
            }),
        ]"/>
    </record>

    <record id="jo_zero_purchase_0" model="account.tax.template">
        <field name="name">Zero Rated 0%</field>
        <field name="type_tax_use">purchase</field>
        <field name="amount">0</field>
        <field name="amount_type">percent</field>
        <field name="description">Zero Rated 0%</field>
        <field name="chart_template_id" ref="jordan_chart_template_standard"/>
        <field name="invoice_repartition_line_ids" eval="[Command.clear(),
            Command.create({
                'factor_percent': 100,
                'repartition_type': 'base',
                'plus_report_line_ids': [ref('tax_report_vat_return_expense_base_zero')],
            }),
            Command.create({
                'factor_percent': 100,
                'repartition_type': 'tax',
                'account_id': False,
                'plus_report_line_ids': [ref('tax_report_vat_return_expense_tax_zero')],
            }),
        ]"/>
        <field name="refund_repartition_line_ids" eval="[Command.clear(),
            Command.create({
                'factor_percent': 100,
                'repartition_type': 'base',
                'minus_report_line_ids': [ref('tax_report_vat_return_expense_base_zero')],
            }),
            Command.create({
                'factor_percent': 100,
                'repartition_type': 'tax',
                'account_id': False,
                'minus_report_line_ids': [ref('tax_report_vat_return_expense_tax_zero')],
            }),
        ]"/>
    </record>

   
</odoo>
