id,name,chart_template_id/id,code,user_type_id/id,reconcile
jo_account_111001,Estblishment Costs,l10n_jo.jordan_chart_template_standard,111001,account.data_account_type_fixed_assets,FALSE
jo_account_112001,Furnitures and Equipments,l10n_jo.jordan_chart_template_standard,112001,account.data_account_type_fixed_assets,FALSE
jo_account_113001,Computers Devices  &Softwares,l10n_jo.jordan_chart_template_standard,113001,account.data_account_type_fixed_assets,FALSE
jo_account_114001,Accumulated Depreciation  ,l10n_jo.jordan_chart_template_standard,114001,account.data_account_type_fixed_assets,FALSE
jo_account_114002,Accum Furnitures and Equipments,l10n_jo.jordan_chart_template_standard,114002,account.data_account_type_fixed_assets,FALSE
jo_account_114003,Accum Computers Devices  &Softwares,l10n_jo.jordan_chart_template_standard,114003,account.data_account_type_fixed_assets,FALSE
jo_account_114004,Accum Accumulated Depreciation  ,l10n_jo.jordan_chart_template_standard,114004,account.data_account_type_fixed_assets,FALSE
jo_account_114005,Accum Cars & Vehicals,l10n_jo.jordan_chart_template_standard,114005,account.data_account_type_fixed_assets,FALSE
jo_account_114006,Accum Decorations &interiors,l10n_jo.jordan_chart_template_standard,114006,account.data_account_type_fixed_assets,FALSE
jo_account_114008,Accum Estblishment Costs,l10n_jo.jordan_chart_template_standard,114008,account.data_account_type_fixed_assets,FALSE
jo_account_115001,Cars & Vehicals,l10n_jo.jordan_chart_template_standard,115001,account.data_account_type_fixed_assets,FALSE
jo_account_115002,Patents,l10n_jo.jordan_chart_template_standard,115002,account.data_account_type_fixed_assets,FALSE
jo_account_115003,Trademarks,l10n_jo.jordan_chart_template_standard,115003,account.data_account_type_fixed_assets,FALSE
jo_account_115004,Software and System,l10n_jo.jordan_chart_template_standard,115004,account.data_account_type_fixed_assets,FALSE
jo_account_116001,Decorations &interiors,l10n_jo.jordan_chart_template_standard,116001,account.data_account_type_fixed_assets,FALSE
jo_account_117001,Deferred Income Tax ,l10n_jo.jordan_chart_template_standard,117001,account.data_account_type_fixed_assets,FALSE
jo_account_121101,Cash in hand office,l10n_jo.jordan_chart_template_standard,121101,account.data_account_type_liquidity,FALSE
jo_account_121102,Pettycash ,l10n_jo.jordan_chart_template_standard,121102,account.data_account_type_liquidity,FALSE
jo_account_121103,Current Cash in Hand ,l10n_jo.jordan_chart_template_standard,121103,account.data_account_type_liquidity,FALSE
jo_account_121104,Cashvan Cash,l10n_jo.jordan_chart_template_standard,121104,account.data_account_type_liquidity,FALSE
jo_account_121105,Owner Cash,l10n_jo.jordan_chart_template_standard,121105,account.data_account_type_liquidity,FALSE
jo_account_121106,Delivery Cash,l10n_jo.jordan_chart_template_standard,121106,account.data_account_type_liquidity,FALSE
jo_account_121201,Jordan Kuwait Bank,l10n_jo.jordan_chart_template_standard,121201,account.data_account_type_liquidity,FALSE
jo_account_121301,PayPal,l10n_jo.jordan_chart_template_standard,121301,account.data_account_type_credit_card,FALSE
jo_account_121302,Visa Card,l10n_jo.jordan_chart_template_standard,121302,account.data_account_type_credit_card,FALSE
jo_account_121303,Master Card,l10n_jo.jordan_chart_template_standard,121303,account.data_account_type_credit_card,FALSE
jo_account_122001,(INV) RAW Materials,l10n_jo.jordan_chart_template_standard,122001,account.data_account_type_current_assets,FALSE
jo_account_122002,inventory account,l10n_jo.jordan_chart_template_standard,122002,account.data_account_type_current_assets,FALSE
jo_account_123001,Receivables Accounts,l10n_jo.jordan_chart_template_standard,123001,account.data_account_type_receivable,TRUE
jo_account_123002,Employees Imprest,l10n_jo.jordan_chart_template_standard,123002,account.data_account_type_receivable,TRUE
jo_account_123003,Branches Company,l10n_jo.jordan_chart_template_standard,123003,account.data_account_type_receivable,TRUE
jo_account_123004,Reimbursable Income taxes,l10n_jo.jordan_chart_template_standard,123004,account.data_account_type_current_assets,TRUE
jo_account_123005,Reimbursable outcome taxes,l10n_jo.jordan_chart_template_standard,123005,account.data_account_type_current_assets,TRUE
jo_account_123006,Accounts Payable with Debit Balances,l10n_jo.jordan_chart_template_standard,123006,account.data_account_type_receivable,TRUE
jo_account_123007,Other Receivables,l10n_jo.jordan_chart_template_standard,123007,account.data_account_type_receivable,TRUE
jo_account_124001,Prepaid Rents,l10n_jo.jordan_chart_template_standard,124001,account.data_account_type_current_assets,FALSE
jo_account_124002,Prepaid Wages,l10n_jo.jordan_chart_template_standard,124002,account.data_account_type_current_assets,FALSE
jo_account_125001,Profit on others,l10n_jo.jordan_chart_template_standard,125001,account.data_account_type_receivable,TRUE
jo_account_211001,Companies Paybles,l10n_jo.jordan_chart_template_standard,211001,account.data_account_type_payable,TRUE
jo_account_211002,Indivisual Paybles,l10n_jo.jordan_chart_template_standard,211002,account.data_account_type_payable,TRUE
jo_account_211003,Employees Paybles,l10n_jo.jordan_chart_template_standard,211003,account.data_account_type_payable,TRUE
jo_account_212001,post dated Issued Checks,l10n_jo.jordan_chart_template_standard,212001,account.data_account_type_equity,FALSE
jo_account_213101,Income Tax Accured,l10n_jo.jordan_chart_template_standard,213101,account.data_account_type_payable,TRUE
jo_account_213201,Sales Tax Accured,l10n_jo.jordan_chart_template_standard,213201,account.data_account_type_payable,TRUE
jo_account_214001,Accrud Expense,l10n_jo.jordan_chart_template_standard,214001,account.data_account_type_current_liabilities,TRUE
jo_account_221002,Owners Profits 2,l10n_jo.jordan_chart_template_standard,221002,account.data_account_type_equity,FALSE
jo_account_222002,Profits and Losses Previous years,l10n_jo.jordan_chart_template_standard,222002,account.data_account_type_equity,FALSE
jo_account_232001,Salary and Allowance,l10n_jo.jordan_chart_template_standard,232001,account.data_account_type_current_liabilities,FALSE
jo_account_232002,Payroll Taxes,l10n_jo.jordan_chart_template_standard,232002,account.data_account_type_current_liabilities,FALSE
jo_account_232003,Stock Staff,l10n_jo.jordan_chart_template_standard,232003,account.data_account_type_current_liabilities,FALSE
jo_account_232004,Sales taxes Due,l10n_jo.jordan_chart_template_standard,232004,account.data_account_type_current_liabilities,TRUE
jo_account_232005,Purchase taxes Due,l10n_jo.jordan_chart_template_standard,232005,account.data_account_type_current_liabilities,TRUE
jo_account_232006,Bills Due,l10n_jo.jordan_chart_template_standard,232006,account.data_account_type_current_liabilities,FALSE
jo_account_232007,Rents Due,l10n_jo.jordan_chart_template_standard,232007,account.data_account_type_current_liabilities,FALSE
jo_account_233001,Customer Deposits,l10n_jo.jordan_chart_template_standard,233001,account.data_account_type_current_liabilities,FALSE
jo_account_233002,Customer Insurance,l10n_jo.jordan_chart_template_standard,233002,account.data_account_type_current_liabilities,FALSE
jo_account_233003,Advance Rental Income ,l10n_jo.jordan_chart_template_standard,233003,account.data_account_type_current_liabilities,FALSE
jo_account_234001,Falling Inventory Prices,l10n_jo.jordan_chart_template_standard,234001,account.data_account_type_current_liabilities,FALSE
jo_account_234002,Provision Doubtful Debts,l10n_jo.jordan_chart_template_standard,234002,account.data_account_type_current_liabilities,FALSE
jo_account_310001,Capital,l10n_jo.jordan_chart_template_standard,310001,account.data_account_type_equity,FALSE
jo_account_320001,Partners Current,l10n_jo.jordan_chart_template_standard,320001,account.data_account_type_equity,FALSE
jo_account_330001,Profits and Losses,l10n_jo.jordan_chart_template_standard,330001,account.data_account_type_equity,FALSE
jo_account_340001,Retaind Earnings,l10n_jo.jordan_chart_template_standard,340001,account.data_account_type_equity,FALSE
jo_account_410001,sales,l10n_jo.jordan_chart_template_standard,410001,account.data_account_type_revenue,FALSE
jo_account_410002,commercial Discount,l10n_jo.jordan_chart_template_standard,410002,account.data_account_type_revenue,FALSE
jo_account_420001,Other Income,l10n_jo.jordan_chart_template_standard,420001,account.data_account_type_revenue,FALSE
jo_account_420002,Capital Income,l10n_jo.jordan_chart_template_standard,420002,account.data_account_type_revenue,FALSE
jo_account_420003,Penalties and absence of workers,l10n_jo.jordan_chart_template_standard,420003,account.data_account_type_revenue,FALSE
jo_account_420004,Sales revenue of assets,l10n_jo.jordan_chart_template_standard,420004,account.data_account_type_revenue,FALSE
jo_account_511001,Local purchase,l10n_jo.jordan_chart_template_standard,511001,account.data_account_type_direct_costs,FALSE
jo_account_512001,International purchase,l10n_jo.jordan_chart_template_standard,512001,account.data_account_type_direct_costs,FALSE
jo_account_520001,Sales Returen,l10n_jo.jordan_chart_template_standard,520001,account.data_account_type_direct_costs,FALSE
jo_account_530001,purchase Expenses,l10n_jo.jordan_chart_template_standard,530001,account.data_account_type_direct_costs,FALSE
jo_account_540001,purchase Expenses,l10n_jo.jordan_chart_template_standard,540001,account.data_account_type_direct_costs,FALSE
jo_account_611001,Salaries Expenses ,l10n_jo.jordan_chart_template_standard,611001,account.data_account_type_expenses,FALSE
jo_account_611002,Rent Expenses,l10n_jo.jordan_chart_template_standard,611002,account.data_account_type_expenses,FALSE
jo_account_611003,Utilites Water and Electcity,l10n_jo.jordan_chart_template_standard,611003,account.data_account_type_expenses,FALSE
jo_account_611004,Print and Stationary,l10n_jo.jordan_chart_template_standard,611004,account.data_account_type_expenses,FALSE
jo_account_611005,Bank Service Charge,l10n_jo.jordan_chart_template_standard,611005,account.data_account_type_expenses,FALSE
jo_account_611006,Hospitality,l10n_jo.jordan_chart_template_standard,611006,account.data_account_type_expenses,FALSE
jo_account_611007,Marketing ads Expense,l10n_jo.jordan_chart_template_standard,611007,account.data_account_type_expenses,FALSE
jo_account_611008,Government Fees and charges,l10n_jo.jordan_chart_template_standard,611008,account.data_account_type_expenses,FALSE
jo_account_611009,Maintenance services expenses,l10n_jo.jordan_chart_template_standard,611009,account.data_account_type_expenses,FALSE
jo_account_611010,Discounts,l10n_jo.jordan_chart_template_standard,611010,account.data_account_type_expenses,FALSE
jo_account_611011,Bad Debts  ,l10n_jo.jordan_chart_template_standard,611011,account.data_account_type_expenses,FALSE
jo_account_611012,Fuel And Oil store,l10n_jo.jordan_chart_template_standard,611012,account.data_account_type_expenses,FALSE
jo_account_611013,Fixed Assets Depcriation Expense,l10n_jo.jordan_chart_template_standard,611013,account.data_account_type_expenses,FALSE
jo_account_611014,Shipping delivery Costs,l10n_jo.jordan_chart_template_standard,611014,account.data_account_type_expenses,FALSE
jo_account_611015,Cutomes & Other,l10n_jo.jordan_chart_template_standard,611015,account.data_account_type_expenses,FALSE
jo_account_611016,Telephone and Internet expenses,l10n_jo.jordan_chart_template_standard,611016,account.data_account_type_expenses,FALSE
jo_account_611017,Sales Commision,l10n_jo.jordan_chart_template_standard,611017,account.data_account_type_expenses,FALSE
jo_account_611018,Purchases Discounts,l10n_jo.jordan_chart_template_standard,611018,account.data_account_type_expenses,FALSE
jo_account_611019,Depreciation of buildings and constructions,l10n_jo.jordan_chart_template_standard,611019,account.data_account_type_expenses,FALSE
jo_account_611020,Depreciation Estblishment Costs,l10n_jo.jordan_chart_template_standard,611020,account.data_account_type_expenses,FALSE
jo_account_611021,Depreciation Furnitures and Equipments,l10n_jo.jordan_chart_template_standard,611021,account.data_account_type_expenses,FALSE
jo_account_611022,Depreciation Computers Devices  &Softwares,l10n_jo.jordan_chart_template_standard,611022,account.data_account_type_expenses,FALSE
jo_account_611023,Depreciation Cars & Vehicals,l10n_jo.jordan_chart_template_standard,611023,account.data_account_type_expenses,FALSE
jo_account_611024,Depreciation Decorations &interiors,l10n_jo.jordan_chart_template_standard,611024,account.data_account_type_expenses,FALSE
jo_account_611025,Residues and damaged stock of finished materials,l10n_jo.jordan_chart_template_standard,611025,account.data_account_type_expenses,FALSE
jo_account_611026,Zakat Charity donations ,l10n_jo.jordan_chart_template_standard,611026,account.data_account_type_expenses,FALSE