<?xml version="1.0" encoding="utf-8"?>
<odoo>
    <record id="tax_report_jord" model="account.tax.report">
        <field name="name">1. Tax Report</field>
        <field name="country_id" ref="base.jo"/>
    </record>
    <record id="tax_report_vat_return_sale_base_zero" model="account.tax.report.line">
        <field name="name">1. Zero Rated (Base)</field>
        <field name="tag_name">1. Zero Rated (Base)</field>
        <field name="code">ZERO_SALE_B</field>
        <!-- <field name="parent_id" ref="tax_report_vat_return_sale_base"/> -->
        <field name="report_id" ref="tax_report_jord"/>
        <field name="sequence" eval="1"/>
    </record>

    <record id="tax_report_vat_return_sale_tax_zero" model="account.tax.report.line">
        <field name="name">1. Zero Rated (Tax)</field>
        <field name="tag_name">1. Zero Rated (Tax)</field>
        <field name="code">ZERO_SALE_T</field>
        <!-- <field name="parent_id" ref="tax_report_vat_return_sale_tax"/> -->
        <field name="report_id" ref="tax_report_jord"/>
        <field name="sequence" eval="1"/>
    </record>



    <record id="tax_report_vat_return_expense_base_zero" model="account.tax.report.line">
        <field name="name">2. Zero Rated (Base)</field>
        <field name="tag_name">2. Zero Rated (Base)</field>
        <field name="code">ZERO_PUR_B</field>
        <!-- <field name="parent_id" ref="tax_report_vat_return_expense_base"/> -->
        <field name="report_id" ref="tax_report_jord"/>
        <field name="sequence" eval="1"/>
    </record>


    <record id="tax_report_vat_return_expense_tax_zero" model="account.tax.report.line">
        <field name="name">2. Zero Rated (Tax)</field>
        <field name="tag_name">2. Zero Rated (Tax)</field>
        <field name="code">ZERO_PUR_T</field>
        <!-- <field name="parent_id" ref="tax_report_vat_return_expense_tax"/> -->
        <field name="report_id" ref="tax_report_jord"/>
        <field name="sequence" eval="1"/>
    </record>

   
</odoo>
