<?xml version="1.0" encoding="utf-8"?>
<odoo>
    <record id="jordan_chart_template_standard" model="account.chart.template">
        <field name="property_account_receivable_id" ref="jo_account_123001"/>
        <field name="property_account_payable_id" ref="jo_account_123006"/>
        <field name="property_account_expense_categ_id" ref="jo_account_611015"/>
        <field name="property_account_income_categ_id" ref="jo_account_410001"/>
        <field name="property_account_expense_id" ref="jo_account_611015"/>
        <field name="property_account_income_id" ref="jo_account_410001"/>
        <field name="default_pos_receivable_account_id" ref="jo_account_123001"/>
    </record>
</odoo>
