<?xml version="1.0" encoding="utf-8"?>
<odoo>
     <record id="jordan_chart_template_standard" model="account.chart.template">
         <field name="name">Jordan Chart of Accounts - Standard</field>
         <field name="code_digits">6</field>
         <field name="bank_account_code_prefix">1211</field>
         <field name="cash_account_code_prefix">1212</field>
         <field name="transfer_account_code_prefix">11</field>
         <field name="currency_id" ref="base.JOD"/>
         <field name="country_id" ref="base.jo"/>
         <field name="spoken_languages" eval="'en_US;ar_001;'"/>
     </record>
</odoo>
